name,barcode,i7-index,i5index
I34710-L1,L155411,AACCGCGG,AGCGCTAG
I34711-L1,L155412,GGTTATAA,GATATCGA
I34712-L1,L155413,CCAAGTCC,CGCAGACG
I34713-L1,L155414,TTGGACTT,TATGAGTA
I34714-L1,L155415,CAGTGGAT,AGGTGCGT
I34715-L1,L155416,TGACAAGC,GAACATAC
I34716-L1,L155417,CTAGCTTG,ACATAGCG
I34717-L1,L155418,TCGATCCA,GTGCGATA
I34718-L1,L155419,CCTGAACT,CCAACAGA
I34719-L1,L155420,TTCAGGTC,TTGGTGAG
I34720-L1,L155421,AGTAGAGA,CGCGGTTC
I34721-L1,L155422,GACGAGAG,TATAACCT
I34722-L1,L155423,AGACTTGG,AAGGATGA
I34723-L1,L155424,GAGTCCAA,GGAAGCAG
I34724-L1,L155425,CTTAAGCC,TCGTGACC
I34725-L1,L155426,TCCGGATT,CTACAGTT
I34726-L1,L155427,CTGTATTA,ATATTCAC
I34727-L1,L155428,TCACGCCG,GCGCCTGT
I34728-L1,L155429,ACTTACAT,ACTCTATG
I34729-L1,L155430,GTCCGTGC,GTCTCGCA
I34730-L1,L155431,AAGGTACC,AAGACGTC
I34731-L1,L155432,GGAACGTT,GGAGTACT
I34732-L1,L155433,AATTCTGC,ACCGGCCA
I34733-L1,L155434,GGCCTCAT,GTTAATTG
I34734-L1,L155435,ATCTTAGT,AACCGCGG
I34735-L1,L155436,GCTCCGAC,GGTTATAA
I34736-L1,L155437,ATACCAAG,CCAAGTCC
I34737-L1,L155438,GCGTTGGA,TTGGACTT
I34738-L1,L155439,CTTCACGG,CAGTGGAT
I34739-L1,L155440,TCCTGTAA,TGACAAGC
I34740-L1,L155441,AGAATGCC,CTAGCTTG
I34741-L1,L155442,GAGGCATT,TCGATCCA
I34742-L1,L155443,CCTCGGTA,CCTGAACT
I34743-L1,L155444,TTCTAACG,TTCAGGTC
I34744-L1,L155445,ATGAGGCT,AGTAGAGA
I34745-L1,L155446,GCAGAATC,GACGAGAG
I34746-L1,L155447,CACTACGA,AGACTTGG
I34747-L1,L155448,TGTCGTAG,GAGTCCAA
I34748-L1,L155449,ACCACTTA,CTTAAGCC
I34749-L1,L155450,GTTGTCCG,TCCGGATT
I34750-L1,L155451,ATCCATAT,CTGTATTA
I34751-L1,L155452,GCTTGCGC,TCACGCCG
I34752-L1,L155453,AGTATCTT,ACTTACAT
I34753-L1,L155454,GACGCTCC,GTCCGTGC
I34754-L1,L155455,CATGCCAT,AAGGTACC
I34755-L1,L155456,TGCATTGC,GGAACGTT
I34756-L1,L155457,ATTGGAAC,AATTCTGC
I34757-L1,L155458,GCCAAGGT,GGCCTCAT
I34758-L1,L155459,CGAGATAT,ATCTTAGT
I34759-L1,L155460,TAGAGCGC,GCTCCGAC
I34760-L1,L155461,AACCTGTT,ATACCAAG
I34761-L1,L155462,GGTTCACC,GCGTTGGA
I34762-L1,L155463,CATTGTTG,CTTCACGG
I34763-L1,L155464,TGCCACCA,TCCTGTAA
I34764-L1,L155465,CTCTGCCT,AGAATGCC
I34765-L1,L155466,TCTCATTC,GAGGCATT
I34766-L1,L155467,ACGCCGCA,CCTCGGTA
I34767-L1,L155468,GTATTATG,TTCTAACG
I34768-L1,L155469,GATAGATC,ATGAGGCT
I34769-L1,L155470,AGCGAGCT,GCAGAATC
I34770-L1,L155471,CAGTTCCG,CACTACGA
I34771-L1,L155472,TGACCTTA,TGTCGTAG
I34772-L1,L155473,CTAGGCAA,ACCACTTA
I34773-L1,L155474,TCGAATGG,GTTGTCCG
I34774-L1,L155475,CTTAGTGT,ATCCATAT
I34775-L1,L155476,TCCGACAC,GCTTGCGC
I34776-L1,L155477,AACAGGAA,AGTATCTT
I34777-L1,L155478,GGTGAAGG,GACGCTCC
I34778-L1,L155479,CCTGTGGC,CATGCCAT
I34779-L1,L155480,TTCACAAT,TGCATTGC
I34780-L1,L155481,ACACGAGT,ATTGGAAC
I34781-L1,L155482,GTGTAGAC,GCCAAGGT
I34782-L1,L155483,GTTAATTG,CGAGATAT
I34783-L1,L155484,ACCGGCCA,TAGAGCGC
I34784-L1,L155485,GGAGTACT,AACCTGTT
I34785-L1,L155486,AAGACGTC,GGTTCACC
I34786-L1,L155487,GTCTCGCA,CATTGTTG
I34787-L1,L155488,ACTCTATG,TGCCACCA
I34788-L1,L155489,GCGCCTGT,CTCTGCCT
I34789-L1,L155490,ATATTCAC,TCTCATTC
I34790-L1,L155491,CTACAGTT,ACGCCGCA
I34791-L1,L155492,TCGTGACC,GTATTATG
I34792-L1,L155493,GGAAGCAG,GATAGATC
I34793-L1,L155494,AAGGATGA,AGCGAGCT
I34794-L1,L155495,TATAACCT,CAGTTCCG
I34795-L1,L155496,CGCGGTTC,TGACCTTA
I34796-L1,L155497,TTGGTGAG,CTAGGCAA
I34797-L1,L155498,CCAACAGA,TCGAATGG
I34798-L1,L155499,GTGCGATA,CTTAGTGT
I34799-L1,L155500,ACATAGCG,TCCGACAC